<?xml version="1.0" encoding="UTF-8"?>
<beans xmlns="http://www.springframework.org/schema/beans"
       xmlns:aop="http://www.springframework.org/schema/aop"
       xmlns:xsi="http://www.w3.org/2001/XMLSchema-instance"
       xmlns:context="http://www.springframework.org/schema/context"
       xmlns:tx="http://www.springframework.org/schema/tx"
       xsi:schemaLocation="http://www.springframework.org/schema/beans
	http://www.springframework.org/schema/beans/spring-beans-4.0.xsd
	http://www.springframework.org/schema/context
	http://www.springframework.org/schema/context/spring-context-4.0.xsd
	http://www.springframework.org/schema/tx
	http://www.springframework.org/schema/tx/spring-tx-4.0.xsd
	http://www.springframework.org/schema/data/jpa">

    <description>Shiro Configuration</description>

    <!-- 缓存管理-->
    <!--<bean id="cacheManager" class="org.apache.shiro.cache.MemoryConstrainedCacheManager"></bean>-->
    <bean id="cacheManager" class="com.cnpc.framework.base.pojo.RedisCacheManager"/>

     <!-- 继承自AuthorizingRealm的自定义Realm,即指定Shiro验证用户登录的类为自定义的ShiroDbRealm.java -->
    <bean id="adminRealm" class="com.cnpc.framework.filter.SystemAuthorizingRealm"/>

    <!-- Shiro默认会使用Servlet容器的Session,可通过sessionMode属性来指定使用Shiro原生Session -->
    <!-- 即<property name="sessionMode" value="native"/>,详细说明见官方文档 -->
    <!-- 这里主要是设置自定义的单Realm应用,若有多个Realm,可使用'realms'属性代替 -->
    <bean id="securityManager" class="org.apache.shiro.web.mgt.DefaultWebSecurityManager">
        <property name="realm" ref="adminRealm"/>
        <property name="cacheManager" ref="cacheManager"/>
        <!--将session托管给redis进行管理，便于搭建集群系统-->
        <property name="sessionManager" ref="webSessionManager"/>
    </bean>
    <!--redis管理session-->
    <bean id="webSessionManager" class="com.cnpc.framework.filter.ShiroWebSessionManager">
        <property name="sessionDAO" ref="redisSessionDao"/>
        <property name="deleteInvalidSessions" value="true"/>
        <property name="globalSessionTimeout" value="${shiro.session.timeout}"/>
        <property name="sessionIdCookie" ref="sharesession"/>
        <property name="sessionIdUrlRewritingEnabled" value="false"/>
        <property name="sessionValidationSchedulerEnabled" value="true"/>
    </bean>

    <!-- sessionIdCookie的实现,用于重写覆盖容器默认的JSESSIONID -->
    <bean id="sharesession" class="org.apache.shiro.web.servlet.SimpleCookie">
        <!-- cookie的name,对应的默认是 JSESSIONID -->
        <constructor-arg name="name" value="SHAREJSESSIONID"/>
        <!-- jsessionId的path为 / 用于多个系统共享jsessionId -->
        <property name="path" value="/"/>
    </bean>

    <bean id="redisSessionDao" class="com.cnpc.framework.base.pojo.RedisSessionDao">
        <property name="expire" value="${shiro.session.timeout}"/>
    </bean>

    <!-- Shiro主过滤器本身功能十分强大,其强大之处就在于它支持任何基于URL路径表达式的、自定义的过滤器的执行 -->
    <!-- Web应用中,Shiro可控制的Web请求必须经过Shiro主过滤器的拦截,Shiro对基于Spring的Web应用提供了完美的支持 -->
    <bean id="shiroFilter" class="org.apache.shiro.spring.web.ShiroFilterFactoryBean">
        <!-- Shiro的核心安全接口,这个属性是必须的 -->
        <property name="securityManager" ref="securityManager"/>
        <!-- 要求登录时的链接(可根据项目的URL进行替换),非必须的属性,默认会自动寻找Web工程根目录下的"/login.jsp"页面 -->
        <property name="loginUrl" value="/login"/>
        <property name="successUrl" value="/main"/>
        <!-- 登录成功后要跳转的连接(本例中此属性用不到,因为登录成功后的处理逻辑在LoginController里硬编码为main.jsp了) -->
        <!-- <property name="successUrl" value="/system/main"/> -->
        <!-- 用户访问未对其授权的资源时,所显示的连接 -->
        <property name="unauthorizedUrl" value="/login"/>
        <!-- Shiro连接约束配置,即过滤链的定义 -->
        <!-- 下面value值的第一个'/'代表的路径是相对于HttpServletRequest.getContextPath()的值来的 -->
        <!-- anon：它对应的过滤器里面是空的,什么都没做,这里.do和.jsp后面的*表示参数,比方说login.jsp?main这种 -->
        <!-- authc：该过滤器下的页面必须验证后才能访问,它是Shiro内置的一个拦截器org.apache.shiro.web.filter.authc.FormAuthenticationFilter -->
        <property name="filters">
            <map>
                <entry key="logout" value-ref="systemLogoutFilter"/>
            </map>
        </property>
        <property name="filterChainDefinitionMap" ref="filterChainDefinitionClass" />
    </bean>

    <bean id="filterChainDefinitionClass" class="com.cnpc.framework.filter.ShirofilterChainDefinitions" scope="singleton">
        <property name="filterChainDefinitions">
            <value>
                <!--/=anon-->
                /login=anon
                /logout=logout
                /register=anon
                /oauth/**=anon
                /resources/**=anon
                /wechat/callback=anon
                /**=authc
            </value>
        </property>
    </bean>


    <bean id="systemLogoutFilter" class="com.cnpc.framework.filter.SystemLogoutFilter">
        <property name="redirectUrl" value="/login"/>
    </bean>

    <!-- 保证实现了Shiro内部lifecycle函数的bean执行 -->
    <bean id="lifecycleBeanPostProcessor" class="org.apache.shiro.spring.LifecycleBeanPostProcessor"/>
    <!-- 开启Shiro的注解(如@RequiresRoles,@RequiresPermissions),需借助SpringAOP扫描使用Shiro注解的类,并在必要时进行安全逻辑验证 -->
    <!-- 配置以下两个bean即可实现此功能 -->
    <bean class="org.springframework.aop.framework.autoproxy.DefaultAdvisorAutoProxyCreator"
          depends-on="lifecycleBeanPostProcessor"/>
    <bean class="org.apache.shiro.spring.security.interceptor.AuthorizationAttributeSourceAdvisor">
        <property name="securityManager" ref="securityManager"/>
    </bean>
</beans>